"ZZ1_FILIAL","ZZ1_CODIGO","ZZ1_FORNEC","ZZ1_LOJAFO","ZZ1_CERTIF","ZZ1_VALCER","ZZ1_TOLERA","ZZ1_TOTOK","ZZ1_TOTNOK"
"","","","","","  /  /  ","0.00","0.00","0.00"
"","01","01","01","902910821201","08/21/26","1.00","2.00","0.00"
"","91","","11","1918281","01/09/27","10.00","0.00","0.00"
"","01","01","01","1210312","08/14/26","12.00","0.00","0.00"
"","01","001","02","aaa","08/06/26","0.00","0.00","0.00"
"","01","01","01","","  /  /  ","0.00","0.00","0.00"
"","01","01","01","21021291921210219","08/07/26","0.00","0.00","0.00"
"","01","as","01","asdasdsa","  /  /  ","0.00","0.00","0.00"
"","01","01","01","a","  /  /  ","0.00","0.00","0.00"
